ID_ESTABLECIMIENTO,COD_ESTAB,DESC_ESTAB,RIS,CAT_ESTAB,DESC_DIST
6200,6203,C.E.R. DE ITSS Y VIH/SIDA RAUL PATRUCCO PUIG,RIS 1,I-3,LIMA
6199,6202,C.R.E. ANTIRRABICO - ESPECIALIZADO EN ZOONOSIS,RIS 1,I-3,LIMA
6183,6186,C.S. CONDE DE LA VEGA BAJA,RIS 1,I-3,LIMA
6168,6171,C.S. JUAN PEREZ CARRANZA,RIS 1,I-3,LIMA
6189,6192,C.S. MIRONES,RIS 1,I-3,LIMA
6184,6187,C.S. MIRONES BAJO,RIS 1,I-3,LIMA
6188,6191,C.S. SAN SEBASTIAN,RIS 1,I-3,LIMA
6190,6193,C.S. UNIDAD VECINAL Nº 3,RIS 1,I-3,LIMA
6191,6194,C.S. VILLA MARIA PERPETUO SOCORRO,RIS 1,I-3,LIMA
65370,37073,C.S.M. COMUNITARIO MIRONES BAJO,RIS 1,I-3,LIMA
37570,28401,C.S.M. COMUNITARIO UNIVERSITARIO SAN MARCOS,RIS 1,I-3,LIMA
6169,6172,P.S. JARDIN ROSA DE SANTA MARIA,RIS 1,I-2,LIMA
6186,6189,P.S. PALERMO,RIS 1,I-2,LIMA
6185,6188,P.S. RESCATE,RIS 1,I-2,LIMA
6187,6190,P.S. SANTA ROSA,RIS 1,I-2,LIMA
6181,6184,C.S. BREÑA,RIS 2,I-3,BREÑA
6182,6185,C.S. CHACRA COLORADA,RIS 2,I-3,BREÑA
6196,6199,C.S. HUACA PANDO,RIS 2,I-3,SAN MIGUEL
6198,6201,C.S. JESUS MARIA,RIS 2,I-3,JESUS MARIA
6193,6196,C.S. MAGDALENA,RIS 2,I-4,MAGDALENA DEL MAR
6195,6198,C.S. SAN MIGUEL,RIS 2,I-3,SAN MIGUEL
63911,35717,C.S.M. COMUNITARIO EXCELENCIA SAN MIGUEL,RIS 2,I-3,SAN MIGUEL
37273,27703,C.S.M. COMUNITARIO HONORIO DELGADO,RIS 2,I-2,PUEBLO LIBRE
64865,36695,C.S.M. COMUNITARIO JESUS MARIA,RIS 2,I-3,JESUS MARIA
65327,37078,C.S.M. COMUNITARIO MAGDALENA,RIS 2,I-3,MAGDALENA DEL MAR
6192,6195,C.S. LINCE,RIS 3,I-3,LINCE
6176,6179,C.S. SAN ATANACIO DE PEDREGAL,RIS 3,I-3,SURQUILLO
6194,6197,C.S. SAN ISIDRO,RIS 3,I-3,SAN ISIDRO
6197,6200,C.S. SANTA CRUZ DE MIRAFLORES,RIS 3,I-3,MIRAFLORES
6175,6178,C.S. SURQUILLO,RIS 3,I-4,SURQUILLO
6177,6180,C.S. VILLA VICTORIA PORVENIR,RIS 3,I-3,SURQUILLO
65993,38137,C.S.M. COMUNITARIO LINCE,RIS 3,I-3,LINCE
65323,37072,C.S.M. COMUNITARIO SAN ISIDRO,RIS 3,I-3,SAN ISIDRO
65337,37062,C.S.M. COMUNITARIO SURQUILLO,RIS 3,I-3,SURQUILLO
6170,6173,C.S. EL PINO,RIS 4,I-3,LA VICTORIA
6172,6175,C.S. EL PORVENIR,RIS 4,I-4,LA VICTORIA
6167,6170,C.S. MAX ARIAS SCHREIBER,RIS 4,I-3,LA VICTORIA
6173,6176,C.S. SAN COSME,RIS 4,I-3,LA VICTORIA
6174,6177,C.S. SAN LUIS,RIS 4,I-3,SAN LUIS
6180,6183,C.S. TODOS LOS SANTOS SAN BORJA,RIS 4,I-3,SAN BORJA
37569,27711,C.S.M. COMUNITARIO LA VICTORIA,RIS 4,I-3,LA VICTORIA
40759,33452,C.S.M. COMUNITARIO SAN BORJA,RIS 4,I-2,SAN BORJA
6171,6174,P.S. CERRO EL PINO,RIS 4,I-2,LA VICTORIA
6178,6181,P.S. SAN JUAN MASIAS,RIS 4,I-2,SAN BORJA
5843,5846,C.S. CAJA DE AGUA,RIS 5,I-3,SAN JUAN DE LURIGANCHO
5845,5848,C.S. CAMPOY,RIS 5,I-3,SAN JUAN DE LURIGANCHO
5838,5841,C.S. CHACARILLA DE OTERO,RIS 5,I-3,SAN JUAN DE LURIGANCHO
5842,5845,C.S. DANIEL ALCIDES CARRION,RIS 5,I-3,SAN JUAN DE LURIGANCHO
5832,5835,C.S. LA HUAYRONA,RIS 5,I-3,SAN JUAN DE LURIGANCHO
5831,5834,C.S. LA LIBERTAD,RIS 5,I-3,SAN JUAN DE LURIGANCHO
5844,5847,C.S. MANGOMARCA,RIS 5,I-3,SAN JUAN DE LURIGANCHO
5835,5838,C.S. SAN FERNANDO,RIS 5,I-3,SAN JUAN DE LURIGANCHO
5833,5836,C.S. SANTA FE DE TOTORITA,RIS 5,I-3,SAN JUAN DE LURIGANCHO
5837,5840,C.S. SANTA ROSA DE LIMA,RIS 5,I-3,SAN JUAN DE LURIGANCHO
5846,5849,C.S. ZARATE,RIS 5,I-3,SAN JUAN DE LURIGANCHO
37536,27726,C.S.M. COMUNITARIO JAVIER MARIATEGUI CHIAPPE,RIS 5,I-3,SAN JUAN DE LURIGANCHO
65351,37076,C.S.M. COMUNITARIO MANGOMARCA,RIS 5,I-3,SAN JUAN DE LURIGANCHO
64016,35816,C.S.M. COMUNITARIO VILLA CAMPOY,RIS 5,I-3,SAN JUAN DE LURIGANCHO
5836,5839,P.S. 15 DE ENERO,RIS 5,I-2,SAN JUAN DE LURIGANCHO
5841,5844,P.S. AZCARRUNZ ALTO,RIS 5,I-2,SAN JUAN DE LURIGANCHO
5611,5614,C.S. BAYOVAR,RIS 6,I-3,SAN JUAN DE LURIGANCHO
5615,5618,C.S. GANIMEDES,RIS 6,I-3,SAN JUAN DE LURIGANCHO
5618,5621,C.S. HUASCAR II,RIS 6,I-3,SAN JUAN DE LURIGANCHO
5619,5622,C.S. HUASCAR XV,RIS 6,I-3,SAN JUAN DE LURIGANCHO
5617,5620,C.S. MEDALLA MILAGROSA,RIS 6,I-3,SAN JUAN DE LURIGANCHO
5834,5837,C.S. SAN HILARION,RIS 6,I-3,SAN JUAN DE LURIGANCHO
41192,34256,C.S.M. COMUNITARIO JAIME ZUBIETA,RIS 6,I-2,SAN JUAN DE LURIGANCHO
66162,38440,C.S.M. COMUNITARIO NUEVA VIDA,RIS 6,I-3,SAN JUAN DE LURIGANCHO
37521,27728,C.S.M. COMUNITARIO NUEVO PERU,RIS 6,I-3,SAN JUAN DE LURIGANCHO
5616,5619,P.S. AYACUCHO,RIS 6,I-2,SAN JUAN DE LURIGANCHO
5620,5623,P.S. PROYECTOS ESPECIALES,RIS 6,I-2,SAN JUAN DE LURIGANCHO
6976,6999,P.S. SAGRADA FAMILIA,RIS 6,I-2,SAN JUAN DE LURIGANCHO
5613,5616,C.S. 10 DE OCTUBRE,RIS 7,I-3,SAN JUAN DE LURIGANCHO
5624,5627,C.S. CRUZ DE MOTUPE,RIS 7,I-3,SAN JUAN DE LURIGANCHO
5626,5629,C.S. ENRIQUE MONTENEGRO,RIS 7,I-3,SAN JUAN DE LURIGANCHO
5621,5624,C.S. JAIME ZUBIETA,RIS 7,I-3,SAN JUAN DE LURIGANCHO
5625,5628,C.S. JOSE CARLOS MARIATEGUI,RIS 7,I-3,SAN JUAN DE LURIGANCHO
5622,5625,C.S. SANTA MARIA,RIS 7,I-3,SAN JUAN DE LURIGANCHO
5612,5615,C.S. SU SANTIDAD JUAN PABLO II,RIS 7,I-3,SAN JUAN DE LURIGANCHO
7023,7046,P.S. CESAR VALLEJO,RIS 7,I-2,SAN JUAN DE LURIGANCHO
5627,5630,P.S. JOSE CARLOS MARIATEGUI V ETAPA,RIS 7,I-2,SAN JUAN DE LURIGANCHO
7324,7357,P.S. MARISCAL CACERES,RIS 7,I-2,SAN JUAN DE LURIGANCHO
5623,5626,P.S. TUPAC AMARU II,RIS 7,I-2,SAN JUAN DE LURIGANCHO
